"rank","stat","p_value","method"
"all_scfa",57970,1.75683341284589e-57,"Wilcoxon test"
"C1",57970,1.75683341284589e-57,"Wilcoxon test"
"C2",57970,1.75683341284589e-57,"Wilcoxon test"
"C3",57970,1.75683341284589e-57,"Wilcoxon test"
"C4",57970,1.75683341284589e-57,"Wilcoxon test"
"C5",57970,1.75683341284589e-57,"Wilcoxon test"
"lev_1",57970,1.75683341284589e-57,"Wilcoxon test"
"lev_2",57970,1.75683341284589e-57,"Wilcoxon test"
"lev_3",57970,1.75683341284589e-57,"Wilcoxon test"
