"Comparison","Factor","num_signif","avg_F","sd_F","avg_p","sd_p","avg_R2","sd_R2"
"Levantine_Sea_vs_North_Red_Sea","region",12,16.729928510016,5.31356343548775,0.001,0,0.17519972353511,0.0497349096654799
"Levantine_Sea_vs_North_Red_Sea","season",10,6.88923072039858,2.90304182228928,0.0400833333333333,0.0753699461846616,0.0730370798252341,0.0309849653169927
"Northern_Crete_vs_Levantine_Sea","region",12,24.6522689106165,8.61176877402541,0.001,0,0.210422945919539,0.0575399634326452
"Northern_Crete_vs_Levantine_Sea","season",4,2.28274847368824,0.831488787413636,0.176583333333333,0.170828174349301,0.0197602038268625,0.00703495188859409
"Northern_Crete_vs_North_Red_Sea","region",12,64.4133663905373,34.489974495516,0.001,0,0.38013555186415,0.124751066611157
"Northern_Crete_vs_North_Red_Sea","season",12,11.9335515957157,3.26416885795919,0.0015,0.00173205080756888,0.075345130293787,0.0131724826099946
