"","div_index","habitat","num_sign","avg_stat","sd_stat","avg_pval","sd_pval"
"1","taxo_q0","Fish",100,36.1290385365112,4.45122751257882,4.38703634392516e-06,8.34471173494196e-06
"2","taxo_q0","Turf",0,8.78230769230769,1.23222791376537,0.130158784600674,0.0757530094415304
"3","taxo_q0","Water",100,19.5670508825343,0.800829630656571,0.000648560185288331,0.000243792212843074
"4","taxo_q1","Fish",100,31.3080653994845,4.03014783140811,2.52148194824551e-05,4.0804464262957e-05
"5","taxo_q1","Turf",0,8.35153846153846,1.33105664510607,0.152773330942603,0.0809027471731982
"6","taxo_q1","Water",100,23.4442150537634,0.69262126946883,0.000108043973110362,3.09752766668861e-05
